date,temperature,humidity,luminosity
2020-12-03 16:20,18.7,19.4,43
2020-12-03 16:20,18.7,19.5,44
2020-12-03 16:20,18.7,19.5,44
2020-12-03 16:20,18.7,19.6,44
2020-12-03 16:20,18.7,19.5,45
2020-12-03 16:20,18.7,19.5,45
2020-12-03 16:20,18.7,19.5,43
2020-12-03 16:20,18.7,19.5,43
2020-12-03 16:20,18.7,19.5,43
2020-12-03 16:20,18.7,19.5,44
2020-12-03 16:20,18.7,19.4,43
2020-12-03 16:20,18.7,19.4,44
2020-12-03 16:20,18.7,19.3,44
2020-12-03 16:20,18.7,19.3,43
2020-12-03 16:20,18.7,19.3,43
2020-12-03 16:20,18.7,19.3,44
2020-12-03 16:20,18.7,19.3,44
2020-12-03 16:20,18.7,19.3,43
2020-12-03 16:20,18.7,19.3,43
2020-12-03 16:20,18.8,19.3,43
2020-12-03 16:20,18.8,19.3,43
2020-12-03 16:20,18.8,19.3,43
2020-12-03 16:20,18.8,19.4,43
2020-12-03 16:20,18.8,19.4,43
2020-12-03 16:19,18.8,19.4,43
2020-12-03 16:19,18.8,19.5,43
2020-12-03 16:19,18.8,19.6,43
2020-12-03 16:19,18.8,19.6,43
2020-12-03 16:19,18.8,19.7,43
2020-12-03 16:19,18.9,19.8,43
2020-12-03 16:19,18.9,19.9,43
2020-12-03 16:19,18.9,20,44
2020-12-03 16:19,18.9,20,43
2020-12-03 16:19,18.9,20,43
2020-12-03 16:19,18.9,20,43
2020-12-03 16:19,18.9,19.9,43
2020-12-03 16:19,18.9,19.9,43
2020-12-03 16:19,18.9,19.9,42
2020-12-03 16:19,18.9,19.9,43
2020-12-03 16:19,18.9,20,43
2020-12-03 16:19,18.9,20,43
2020-12-03 16:19,18.9,20,43
2020-12-03 16:19,18.9,20.1,43
2020-12-03 16:19,18.9,20.1,43
2020-12-03 16:19,18.9,20.2,43
2020-12-03 16:19,18.9,20.3,43
2020-12-03 16:19,18.9,20.3,45
2020-12-03 16:19,18.9,20.4,44
2020-12-03 16:19,18.9,20.4,44
2020-12-03 16:18,18.9,20.4,43
2020-12-03 16:18,18.9,20.4,43
2020-12-03 16:18,18.9,20.4,43
2020-12-03 16:18,18.9,20.4,43
2020-12-03 16:18,18.9,20.4,43
2020-12-03 16:18,18.9,20.4,43
2020-12-03 16:18,18.9,20.3,43
2020-12-03 16:18,18.9,20.3,43
2020-12-03 16:18,18.9,20.2,44
2020-12-03 16:18,18.8,20.1,43
2020-12-03 16:18,18.8,20.1,43
2020-12-03 16:18,18.8,20.1,43
2020-12-03 16:18,18.8,20.1,43
2020-12-03 16:18,18.8,20.1,43
2020-12-03 16:18,18.8,20.1,43
2020-12-03 16:18,18.8,20,43
2020-12-03 16:18,18.8,20,43
2020-12-03 16:18,18.8,20,43
2020-12-03 16:18,18.8,20,43
2020-12-03 16:18,18.7,19.9,43
2020-12-03 16:18,18.8,20,43
2020-12-03 16:18,18.8,20,43
2020-12-03 16:18,18.7,19.9,43
2020-12-03 16:18,18.7,19.9,43
2020-12-03 16:18,18.7,19.9,43
2020-12-03 16:18,18.7,19.8,43
2020-12-03 16:17,18.7,19.8,43
2020-12-03 16:17,18.7,19.9,43
2020-12-03 16:17,18.7,19.9,43
2020-12-03 16:17,18.6,19.8,43
2020-12-03 16:17,18.6,19.9,43
2020-12-03 16:17,18.6,19.9,43
2020-12-03 16:17,18.6,19.9,43
2020-12-03 16:17,18.6,19.9,43
2020-12-03 16:17,18.6,19.9,44
2020-12-03 16:17,18.6,19.9,43
2020-12-03 16:17,18.6,20,43
2020-12-03 16:17,18.6,20,43
2020-12-03 16:17,18.6,20,43
2020-12-03 16:17,18.6,20,43
2020-12-03 16:17,18.6,20,43
2020-12-03 16:17,18.6,20,43
2020-12-03 16:17,18.6,20,43
2020-12-03 16:17,18.6,20,43
2020-12-03 16:17,18.6,19.9,43
2020-12-03 16:17,18.6,19.8,42
2020-12-03 16:17,18.6,19.7,43
2020-12-03 16:17,18.6,19.6,43
2020-12-03 16:17,18.6,19.6,43
2020-12-03 16:17,18.6,19.5,43
2020-12-03 16:17,18.6,19.5,42
2020-12-03 16:17,18.6,19.5,43
2020-12-03 16:17,18.6,19.5,43
2020-12-03 16:16,18.6,19.6,43
2020-12-03 16:16,18.7,19.7,43
2020-12-03 16:16,18.6,19.6,43
2020-12-03 16:16,18.7,19.7,43
2020-12-03 16:16,18.7,19.7,42
2020-12-03 16:16,18.7,19.7,42
2020-12-03 16:16,18.7,19.6,42
2020-12-03 16:16,18.7,19.6,43
2020-12-03 16:16,18.7,19.5,42
2020-12-03 16:16,18.7,19.5,43
2020-12-03 16:16,18.7,19.5,43
2020-12-03 16:16,18.7,19.5,43
2020-12-03 16:16,18.7,19.5,43
2020-12-03 16:16,18.7,19.5,43
2020-12-03 16:16,18.7,19.6,42
2020-12-03 16:16,18.7,19.6,42
2020-12-03 16:16,18.6,19.5,42
2020-12-03 16:16,18.6,19.5,42
2020-12-03 16:16,18.7,19.6,42
2020-12-03 16:16,18.6,19.6,42
2020-12-03 16:16,18.6,19.6,42
2020-12-03 16:16,18.7,19.6,42
2020-12-03 16:16,18.7,19.7,42
2020-12-03 16:16,18.7,19.7,42
2020-12-03 16:16,18.7,19.6,42
2020-12-03 16:16,18.7,19.7,42
2020-12-03 16:15,18.7,19.7,42
2020-12-03 16:15,18.7,19.7,42
2020-12-03 16:15,18.7,19.8,42
2020-12-03 16:15,18.7,19.8,42
2020-12-03 16:15,18.7,19.8,42
2020-12-03 16:15,18.7,19.8,42
2020-12-03 16:15,18.7,19.8,42
2020-12-03 16:15,18.7,19.8,42
2020-12-03 16:15,18.7,19.8,42
2020-12-03 16:15,18.7,19.8,41
2020-12-03 16:15,18.7,19.8,42
2020-12-03 16:15,18.7,19.8,42
2020-12-03 16:15,18.7,19.8,42
2020-12-03 16:15,18.7,19.8,42
2020-12-03 16:15,18.7,19.7,42
2020-12-03 16:15,18.7,19.7,43
2020-12-03 16:15,18.7,19.8,42
2020-12-03 16:15,18.7,19.8,43
2020-12-03 16:15,18.7,19.8,43
2020-12-03 16:15,18.7,19.8,43
2020-12-03 16:15,18.7,19.8,43
2020-12-03 16:15,18.7,19.9,43
2020-12-03 16:15,18.7,19.9,43
2020-12-03 16:15,18.7,19.9,43
2020-12-03 16:15,18.7,19.9,43
2020-12-03 16:15,18.7,19.9,43
2020-12-03 16:14,18.7,20,43
2020-12-03 16:14,18.7,19.9,44
2020-12-03 16:14,18.7,19.9,44
2020-12-03 16:14,18.7,19.9,44
2020-12-03 16:14,18.7,19.8,44
2020-12-03 16:14,18.8,19.9,43
2020-12-03 16:14,18.7,19.8,44
2020-12-03 16:14,18.7,19.8,43
2020-12-03 16:14,18.7,19.8,43
2020-12-03 16:14,18.7,19.8,43
2020-12-03 16:14,18.8,19.8,43
2020-12-03 16:14,18.8,19.8,44
2020-12-03 16:14,18.8,19.8,43
2020-12-03 16:14,18.8,19.7,43
2020-12-03 16:14,18.8,19.7,43
2020-12-03 16:14,18.8,19.7,43
2020-12-03 16:14,18.8,19.7,43
2020-12-03 16:14,18.8,19.7,43
2020-12-03 16:14,18.8,19.7,43
2020-12-03 16:14,18.8,19.7,43
2020-12-03 16:14,18.8,19.7,42
2020-12-03 16:14,18.8,19.7,41
2020-12-03 16:14,18.8,19.7,42
2020-12-03 16:14,18.8,19.7,43
2020-12-03 16:14,18.8,19.7,43
2020-12-03 16:14,18.8,19.6,43
2020-12-03 16:14,18.8,19.6,43
2020-12-03 16:13,18.8,19.7,43
2020-12-03 16:13,18.8,19.7,43
2020-12-03 16:13,18.9,19.8,43
2020-12-03 16:13,18.9,19.8,43
2020-12-03 16:13,18.9,19.9,43
2020-12-03 16:13,18.9,20,44
2020-12-03 16:13,18.9,20,43
2020-12-03 16:13,18.9,20.1,43
2020-12-03 16:13,18.9,20.1,43
2020-12-03 16:13,18.9,20.1,43
2020-12-03 16:13,18.9,20.1,43
2020-12-03 16:13,18.9,20,43
2020-12-03 16:13,18.9,20.1,43
2020-12-03 16:13,18.9,20.1,43
2020-12-03 16:13,18.9,20.1,43
2020-12-03 16:13,18.9,20.1,43
2020-12-03 16:13,18.9,20.1,43
2020-12-03 16:13,18.9,20.1,43
2020-12-03 16:13,18.9,20.1,43
2020-12-03 16:13,18.9,20,43
2020-12-03 16:13,18.9,20,44
2020-12-03 16:13,18.9,20,43
2020-12-03 16:13,18.9,20,44
2020-12-03 16:13,18.9,19.9,43
2020-12-03 16:13,18.9,19.8,44
2020-12-03 16:13,18.9,19.7,44
2020-12-03 16:12,18.9,19.6,44
2020-12-03 16:12,18.9,19.6,44
2020-12-03 16:12,18.9,19.5,44
2020-12-03 16:12,18.9,19.5,44
2020-12-03 16:12,18.9,19.5,44
2020-12-03 16:12,18.9,19.6,44
2020-12-03 16:12,18.9,19.6,44
2020-12-03 16:12,18.9,19.6,43
2020-12-03 16:12,18.9,19.6,43
2020-12-03 16:12,18.9,19.5,43
2020-12-03 16:12,18.9,19.5,44
2020-12-03 16:12,18.9,19.4,43
2020-12-03 16:12,18.9,19.4,43
2020-12-03 16:12,18.9,19.4,43
2020-12-03 16:12,18.9,19.3,43
2020-12-03 16:12,19,19.3,43
2020-12-03 16:12,19,19.3,43
2020-12-03 16:12,19,19.3,43
2020-12-03 16:12,19,19.3,43
2020-12-03 16:12,19,19.3,43
2020-12-03 16:12,19,19.3,43
2020-12-03 16:12,19,19.3,43
2020-12-03 16:12,19,19.4,43
2020-12-03 16:12,19,19.4,43
2020-12-03 16:12,19,19.4,43
2020-12-03 16:12,19,19.5,43
2020-12-03 16:11,19,19.5,43
2020-12-03 16:11,19,19.6,43
2020-12-03 16:11,19,19.6,43
2020-12-03 16:11,19,19.6,44
2020-12-03 16:11,19,19.6,43
2020-12-03 16:11,19,19.5,43
2020-12-03 16:11,19,19.5,43
2020-12-03 16:11,19.1,19.5,43
2020-12-03 16:11,19,19.4,43
2020-12-03 16:11,19.1,19.5,43
2020-12-03 16:11,19.1,19.4,43
2020-12-03 16:11,19.1,19.4,43
2020-12-03 16:11,19.1,19.5,43
2020-12-03 16:11,19.1,19.5,43
2020-12-03 16:11,19.1,19.5,43
2020-12-03 16:11,19.1,19.5,43
2020-12-03 16:11,19.1,19.6,43
2020-12-03 16:11,19.1,19.6,43
2020-12-03 16:11,19.1,19.6,43
2020-12-03 16:11,19.1,19.6,43
2020-12-03 16:11,19.2,19.7,43
2020-12-03 16:11,19.2,19.8,43
2020-12-03 16:11,19.2,19.8,43
2020-12-03 16:11,19.2,19.8,43
2020-12-03 16:11,19.2,19.8,43
2020-12-03 16:11,19.2,19.9,43
2020-12-03 16:11,19.2,19.8,43
2020-12-03 16:10,19.2,19.8,42
2020-12-03 16:10,19.2,19.8,44
2020-12-03 16:10,19.2,19.8,43
2020-12-03 16:10,19.2,19.8,43
2020-12-03 16:10,19.2,19.8,43
2020-12-03 16:10,19.2,19.8,43
2020-12-03 16:10,19.2,19.7,43
2020-12-03 16:10,19.2,19.7,43
2020-12-03 16:10,19.2,19.7,43
2020-12-03 16:10,19.2,19.7,43
2020-12-03 16:10,19.2,19.7,43
2020-12-03 16:10,19.2,19.7,43
2020-12-03 16:10,19.2,19.7,43
2020-12-03 16:10,19.3,19.8,43
2020-12-03 16:10,19.3,19.8,43
2020-12-03 16:10,19.3,19.8,43
2020-12-03 16:10,19.3,19.8,43
2020-12-03 16:10,19.3,19.9,43
2020-12-03 16:10,19.3,19.9,42
2020-12-03 16:10,19.3,20,42
2020-12-03 16:10,19.4,20,42
2020-12-03 16:10,19.3,20,42
2020-12-03 16:10,19.4,20.1,42
2020-12-03 16:10,19.4,20.1,42
2020-12-03 16:10,19.4,20.1,42
2020-12-03 16:10,19.4,20,43
2020-12-03 16:09,19.4,20,42
2020-12-03 16:09,19.4,20,42
2020-12-03 16:09,19.4,20,42
2020-12-03 16:09,19.4,20,43
2020-12-03 16:09,19.4,19.9,43
2020-12-03 16:09,19.4,20,44
2020-12-03 16:09,19.4,20,44
2020-12-03 16:09,19.4,20,44
2020-12-03 16:09,19.5,20.2,44
2020-12-03 16:09,19.5,20.2,44
2020-12-03 16:09,19.5,20.2,44
2020-12-03 16:09,19.5,20.3,43
2020-12-03 16:09,19.5,20.4,43
2020-12-03 16:09,19.5,20.4,43
2020-12-03 16:09,19.5,20.5,44
2020-12-03 16:09,19.5,20.4,44
2020-12-03 16:09,19.5,20.2,44
2020-12-03 16:09,19.6,20.2,44
2020-12-03 16:09,19.6,20.2,43
2020-12-03 16:09,19.6,20.2,44
2020-12-03 16:09,19.6,20.2,44
2020-12-03 16:09,19.5,20.2,44
2020-12-03 16:09,19.6,20.2,44
2020-12-03 16:09,19.6,20.2,44
2020-12-03 16:09,19.6,20.2,43
2020-12-03 16:09,19.6,20.2,43
2020-12-03 16:08,19.6,20.2,43
2020-12-03 16:08,19.6,20.2,44
2020-12-03 16:08,19.6,20.2,44
2020-12-03 16:08,19.6,20.2,43
2020-12-03 16:08,19.6,20.2,43
2020-12-03 16:08,19.6,20.2,43
2020-12-03 16:08,19.5,20.1,44
2020-12-03 16:08,19.6,20.2,44
2020-12-03 16:08,19.6,20.2,44
2020-12-03 16:08,19.6,20.2,44
2020-12-03 16:08,19.6,20.2,44
2020-12-03 16:08,19.6,20.2,44
2020-12-03 16:08,19.6,20.2,43
2020-12-03 16:08,19.6,20.2,44
2020-12-03 16:08,19.6,20.2,43
2020-12-03 16:08,19.5,20.1,44
2020-12-03 16:08,19.6,20.2,43
2020-12-03 16:08,19.5,20.1,44
2020-12-03 16:08,19.5,20.1,44
2020-12-03 16:08,19.5,20.2,44
2020-12-03 16:08,19.5,20.2,44
2020-12-03 16:08,19.5,20.2,44
2020-12-03 16:08,19.5,20.2,44
2020-12-03 16:08,19.4,20.2,44
2020-12-03 16:08,19.4,20.2,44
2020-12-03 16:08,19.4,20.2,44
2020-12-03 16:08,19.3,20.2,44
2020-12-03 16:07,19.3,20.2,43
2020-12-03 16:07,19.2,20.2,43
2020-12-03 16:07,19.2,20.2,43
2020-12-03 16:07,19.1,20.2,43
2020-12-03 16:07,19.1,20.2,43
2020-12-03 16:07,19.1,20.2,44
2020-12-03 16:07,19.1,20.2,43
2020-12-03 16:07,19.1,20.2,43
2020-12-03 16:07,19.1,20.2,43
2020-12-03 16:07,19.1,20.2,43
2020-12-03 16:07,19.1,20.2,43
2020-12-03 16:07,19.1,20.2,43
2020-12-03 16:07,19.1,20.2,43
2020-12-03 16:07,19.1,20.1,43
2020-12-03 16:07,19.1,20.1,43
2020-12-03 16:07,19.1,20.1,43
2020-12-03 16:07,19.1,20.1,43
2020-12-03 16:07,19.1,20.1,43
2020-12-03 16:07,19.1,20.1,43
2020-12-03 16:07,19.1,20.1,43
2020-12-03 16:07,19.1,20.1,43
2020-12-03 16:07,19.1,20.1,43
2020-12-03 16:07,19.1,20.1,43
2020-12-03 15:59,18.1,19.9,45
2020-12-03 15:59,18.1,20,45
2020-12-03 15:59,18.2,20.1,44
2020-12-03 15:59,18.1,20,44
2020-12-03 15:59,18.2,20.1,44
2020-12-03 15:59,18.2,20.1,44
2020-12-03 15:59,18.1,20.1,44
2020-12-03 15:59,18.1,20.1,45
2020-12-03 15:59,18.1,20.1,45
2020-12-03 15:59,18.1,20.1,45
2020-12-03 15:59,18.1,20.1,44
2020-12-03 15:59,18.1,20.1,43
2020-12-03 15:59,18.1,20.1,43
2020-12-03 15:59,18.1,20.1,44
2020-12-03 15:59,18.2,20.2,44
2020-12-03 15:59,18.1,20.1,44
2020-12-03 15:59,18.1,20.1,44
2020-12-03 15:59,18.1,20.2,44
2020-12-03 15:59,18.1,20.1,45
2020-12-03 15:59,18.1,20.1,44
2020-12-03 15:59,18.1,20.2,44
2020-12-03 15:58,18.1,20.1,45
2020-12-03 15:58,18.1,20.1,45
2020-12-03 15:58,18.1,20.1,45
2020-12-03 15:58,18.1,20,44
2020-12-03 15:58,18.1,20,44
2020-12-03 15:58,18.1,20,45
2020-12-03 15:58,18.1,20,45
2020-12-03 15:58,18.1,20,44
2020-12-03 15:58,18.1,20,44
2020-12-03 15:58,18.1,19.9,44
2020-12-03 15:58,18.1,19.9,45
2020-12-03 15:58,18.2,20,45
2020-12-03 15:58,18.2,19.9,45
2020-12-03 15:58,18.1,19.9,45
2020-12-03 15:58,18.1,19.8,45
2020-12-03 15:58,18.2,19.9,45
2020-12-03 15:58,18.1,19.8,44
2020-12-03 15:58,18.2,19.9,44
2020-12-03 15:58,18.2,19.9,44
2020-12-03 15:58,18.2,19.9,45
2020-12-03 15:58,18.2,19.9,45
2020-12-03 15:58,18.2,19.9,45
2020-12-03 15:58,18.2,19.9,45
2020-12-03 15:58,18.2,19.9,45
2020-12-03 15:58,18.2,20,45
2020-12-03 15:58,18.2,20,45
2020-12-03 15:57,18.2,20,45
2020-12-03 15:57,18.2,20.1,44
2020-12-03 15:57,18.2,20.1,46
2020-12-03 15:57,18.2,20.1,46
2020-12-03 15:57,18.2,20.1,46
2020-12-03 15:57,18.2,20,46
2020-12-03 15:57,18.2,20,45
2020-12-03 15:57,18.2,20,45
2020-12-03 15:57,18.2,20,45
2020-12-03 15:57,18.2,20.1,45
2020-12-03 15:57,18.2,20.1,45
2020-12-03 15:57,18.2,20.1,45
2020-12-03 15:57,18.2,20.2,45
2020-12-03 15:57,18.2,20.1,45
2020-12-03 15:57,18.2,20,45
2020-12-03 15:57,18.2,20,46
2020-12-03 15:57,18.2,20,46
2020-12-03 15:57,18.2,20,46
2020-12-03 15:57,18.2,20,45
2020-12-03 15:57,18.2,20,46
2020-12-03 15:57,18.2,20.1,45
2020-12-03 15:57,18.2,20.1,44
2020-12-03 15:57,18.2,20.1,45
2020-12-03 15:57,18.2,20.1,46
2020-12-03 15:57,18.2,20,47
2020-12-03 15:57,18.2,20,46
2020-12-03 15:56,18.2,20,46
2020-12-03 15:56,18.2,20,46
2020-12-03 15:56,18.2,20.1,46
2020-12-03 15:56,18.2,20,45
2020-12-03 15:56,18.2,20.1,45
2020-12-03 15:56,18.2,20.1,45
2020-12-03 15:56,18.2,20.1,45
2020-12-03 15:56,18.2,20.1,46
2020-12-03 15:56,18.2,20.1,46
2020-12-03 15:56,18.2,20,45
2020-12-03 15:56,18.2,20.1,45
2020-12-03 15:56,18.2,20.1,44
2020-12-03 15:56,18.2,20,44
2020-12-03 15:56,18.2,20,45
2020-12-03 15:56,18.2,20,44
2020-12-03 15:56,18.2,20,44
2020-12-03 15:56,18.2,20,44
2020-12-03 15:56,18.2,20,44
2020-12-03 15:56,18.2,19.9,44
2020-12-03 15:56,18.2,19.9,44
2020-12-03 15:56,18.2,19.9,44
2020-12-03 15:56,18.2,20,45
2020-12-03 15:56,18.2,19.9,45
2020-12-03 15:56,18.2,19.9,45
2020-12-03 15:56,18.2,19.9,44
2020-12-03 15:56,18.2,19.9,44
2020-12-03 15:56,18.2,19.8,44
2020-12-03 15:55,18.2,19.8,44
2020-12-03 15:55,18.2,19.8,44
2020-12-03 15:55,18.2,19.8,44
2020-12-03 15:55,18.2,19.8,45
2020-12-03 15:55,18.2,19.8,42
2020-12-03 15:55,18.2,19.9,44
2020-12-03 15:55,18.2,19.9,45
2020-12-03 15:55,18.2,20,44
2020-12-03 15:55,18.2,20,44
2020-12-03 15:55,18.3,20.1,44
2020-12-03 15:55,18.3,20.1,44
2020-12-03 15:55,18.2,20.1,44
2020-12-03 15:55,18.2,20.1,45
2020-12-03 15:55,18.2,20.1,45
2020-12-03 15:55,18.2,20.1,45
2020-12-03 15:55,18.2,20.1,45
2020-12-03 15:55,18.2,20.1,45
2020-12-03 15:55,18.2,20.1,45
2020-12-03 15:55,18.2,20.1,45
2020-12-03 15:55,18.2,20.1,45
2020-12-03 15:55,18.2,20.1,45
2020-12-03 15:55,18.2,20.2,45
2020-12-03 15:55,18.2,20.2,45
2020-12-03 15:55,18.2,20.2,44
2020-12-03 15:55,18.2,20.2,45
2020-12-03 15:55,18.2,20.2,44
2020-12-03 15:54,18.2,20.2,44
2020-12-03 15:54,18.2,20.2,45
2020-12-03 15:54,18.2,20.2,44
2020-12-03 15:54,18.2,20.2,45
2020-12-03 15:54,18.2,20.1,45
2020-12-03 15:54,18.2,20.1,44
2020-12-03 15:54,18.2,20.1,44
2020-12-03 15:54,18.2,20.1,45
2020-12-03 15:54,18.2,20.1,44
2020-12-03 15:54,18.2,20,44
2020-12-03 15:54,18.2,20,44
2020-12-03 15:54,18.1,20,44
2020-12-03 15:54,18.1,20,44
2020-12-03 15:54,18.1,20,44
2020-12-03 15:54,18.1,19.9,44
2020-12-03 15:54,18.1,19.9,44
2020-12-03 15:54,18.1,19.9,45
2020-12-03 15:54,18.1,19.9,44
2020-12-03 15:54,18.1,19.8,44
2020-12-03 15:54,18.1,19.8,45
2020-12-03 15:54,18.1,19.7,44
2020-12-03 15:54,18.1,19.7,44
2020-12-03 15:54,18.1,19.7,44
2020-12-03 15:54,18.1,19.7,43
2020-12-03 15:54,18.1,19.7,46
2020-12-03 15:54,18.1,19.7,46
2020-12-03 15:53,18.1,19.7,46
2020-12-03 15:53,18.1,19.7,46
2020-12-03 15:53,18.1,19.8,46
2020-12-03 15:53,18.1,19.8,46
2020-12-03 15:53,18.1,19.8,46
2020-12-03 15:53,18.1,19.8,47
2020-12-03 15:53,18.1,19.8,47
2020-12-03 15:53,18.1,19.8,46
2020-12-03 15:53,18.1,19.8,46
2020-12-03 15:53,18.1,19.8,46
2020-12-03 15:53,18.1,19.8,46
2020-12-03 15:53,18.1,19.8,46
2020-12-03 15:53,18.1,19.8,46
2020-12-03 15:53,18.1,19.8,45
2020-12-03 15:53,18.1,19.8,47
2020-12-03 15:53,18.1,19.8,46
2020-12-03 15:53,18.1,19.8,46
2020-12-03 15:53,18.1,19.8,46
2020-12-03 15:53,18.1,19.7,46
2020-12-03 15:53,18.1,19.7,46
2020-12-03 15:53,18.1,19.7,46
2020-12-03 15:53,18.1,19.7,46
2020-12-03 15:53,18.1,19.7,46
2020-12-03 15:53,18.1,19.8,47
2020-12-03 15:53,18.1,19.8,46
2020-12-03 15:53,18.1,19.8,46
2020-12-03 15:53,18.1,19.8,47
2020-12-03 15:52,18.1,19.8,46
2020-12-03 15:52,18.1,19.8,46
2020-12-03 15:52,18.1,19.8,46
2020-12-03 15:52,18.1,19.9,47
2020-12-03 15:52,18.2,19.9,46
2020-12-03 15:52,18.1,19.9,46
2020-12-03 15:52,18.1,19.9,46
2020-12-03 15:52,18.1,20,47
2020-12-03 15:52,18.2,20.1,46
2020-12-03 15:52,18.2,20.1,46
2020-12-03 15:52,18.2,20.1,46
2020-12-03 15:52,18.2,20.1,47
2020-12-03 15:52,18.1,20.1,46
2020-12-03 15:52,18.2,20.1,46
2020-12-03 15:52,18.2,20.1,46
2020-12-03 15:52,18.2,20.2,47
2020-12-03 15:52,18.2,20.2,47
2020-12-03 15:52,18.2,20.2,46
2020-12-03 15:52,18.2,20.3,46
2020-12-03 15:52,18.2,20.3,46
2020-12-03 15:52,18.2,20.3,46
2020-12-03 15:52,18.2,20.3,41
2020-12-03 15:52,18.2,20.3,42
2020-12-03 15:52,18.2,20.4,42
2020-12-03 15:52,18.2,20.4,43
2020-12-03 15:52,18.1,20.4,42
2020-12-03 15:51,18.1,20.4,43
2020-12-03 15:51,18.2,20.5,45
2020-12-03 15:51,18.1,20.4,45
2020-12-03 15:51,18.1,20.5,45
2020-12-03 15:51,18.2,20.5,43
2020-12-03 15:51,18.1,20.5,42
2020-12-03 15:51,18.2,20.5,42
2020-12-03 15:51,18.1,20.4,41
2020-12-03 15:51,18.1,20.4,42
2020-12-03 15:51,18.1,20.3,42
2020-12-03 15:51,18.1,20.3,42
2020-12-03 15:51,18.1,20.3,42
2020-12-03 15:51,18.2,20.3,42
2020-12-03 15:51,18.1,20.3,42
2020-12-03 15:51,18.1,20.3,41
2020-12-03 15:51,18.1,20.3,41
2020-12-03 15:51,18.2,20.3,41
2020-12-03 15:51,18.2,20.3,41
2020-12-03 15:51,18.2,20.3,41
2020-12-03 15:51,18.1,20.1,37
2020-12-03 15:51,18.2,20.2,41
2020-12-03 15:51,18.2,20.1,39
2020-12-03 15:51,18.2,20.1,39
2020-12-03 15:51,18.2,20.1,39
2020-12-03 15:51,18.2,20.1,44
2020-12-03 15:51,18.2,20.1,43
2020-12-03 15:50,18.2,20.1,44
2020-12-03 15:50,18.2,20.1,44
2020-12-03 15:50,18.2,20.1,44
2020-12-03 15:50,18.2,20.2,44
2020-12-03 15:50,18.2,20.2,44
2020-12-03 15:50,18.2,20.2,44
2020-12-03 15:50,18.2,20.2,43
2020-12-03 15:50,18.2,20.3,43
2020-12-03 15:50,18.2,20.3,43
2020-12-03 15:50,18.2,20.2,43
2020-12-03 15:50,18.2,20.2,43
2020-12-03 15:50,18.2,20.2,43
2020-12-03 15:50,18.2,20.2,43
2020-12-03 15:50,18.2,20.2,43
2020-12-03 15:50,18.2,20.2,43
2020-12-03 15:50,18.2,20.2,43
2020-12-03 15:50,18.2,20.3,43
2020-12-03 15:50,18.2,20.3,43
2020-12-03 15:50,18.2,20.3,43
2020-12-03 15:50,18.2,20.2,43
2020-12-03 15:50,18.2,20.2,44
2020-12-03 15:50,18.2,20.2,44
2020-12-03 15:50,18.2,20.2,44
2020-12-03 15:50,18.2,20.1,44
2020-12-03 15:50,18.2,20,45
2020-12-03 15:50,18.2,20,44
2020-12-03 15:50,18.2,20,44
2020-12-03 15:49,18.2,19.9,43
2020-12-03 15:49,18.2,20,44
2020-12-03 15:49,18.2,19.9,43
2020-12-03 15:49,18.2,20,43
2020-12-03 15:49,18.2,20,44
2020-12-03 15:49,18.2,20,43
2020-12-03 15:49,18.2,20,44
2020-12-03 15:49,18.2,20,43
2020-12-03 15:49,18.2,20,43
2020-12-03 15:49,18.2,20,43
2020-12-03 15:49,18.2,20,44
2020-12-03 15:49,18.3,20.1,44
2020-12-03 15:49,18.2,20,44
2020-12-03 15:49,18.2,20,44
2020-12-03 15:49,18.2,20,44
2020-12-03 15:49,18.2,20.1,44
2020-12-03 15:49,18.2,20.1,43
2020-12-03 15:49,18.2,20.1,43
2020-12-03 15:49,18.2,20.1,43
2020-12-03 15:49,18.3,20.2,43
2020-12-03 15:49,18.3,20.2,43
2020-12-03 15:49,18.2,20.2,42
2020-12-03 15:49,18.3,20.3,42
2020-12-03 15:49,18.2,20.2,43
2020-12-03 15:49,18.3,20.3,43
2020-12-03 15:49,18.2,20.2,43
2020-12-03 15:48,18.2,20.2,43
2020-12-03 15:48,18.2,20.1,44
2020-12-03 15:48,18.2,20.1,44
2020-12-03 15:48,18.2,20,44
2020-12-03 15:48,18.2,20,44
2020-12-03 15:48,18.3,20,44
2020-12-03 15:48,18.3,20,43
2020-12-03 15:48,18.2,19.9,40
2020-12-03 15:48,18.2,20,41
2020-12-03 15:48,18.3,20,44
2020-12-03 15:48,18.3,20,44
2020-12-03 15:48,18.3,20,44
2020-12-03 15:48,18.3,20.1,44
2020-12-03 15:48,18.3,20.1,44
2020-12-03 15:48,18.3,20.1,44
2020-12-03 15:48,18.3,20.1,44
2020-12-03 15:48,18.3,20,44
2020-12-03 15:48,18.3,20,44
2020-12-03 15:48,18.3,20.1,43
2020-12-03 15:48,18.3,20.1,44
2020-12-03 15:48,18.3,20.1,44
2020-12-03 15:48,18.3,20.1,43
2020-12-03 15:48,18.3,20.1,44
2020-12-03 15:48,18.3,20.1,44
2020-12-03 15:48,18.3,20,44
2020-12-03 15:48,18.3,20.1,44
2020-12-03 15:47,18.3,20.1,45
2020-12-03 15:47,18.3,20,44
2020-12-03 15:47,18.4,20,44
2020-12-03 15:47,18.3,19.9,44
2020-12-03 15:47,18.3,19.8,44
2020-12-03 15:47,18.4,19.9,44
2020-12-03 15:47,18.3,19.8,43
2020-12-03 15:47,18.3,19.8,42
2020-12-03 15:47,18.3,19.8,43
2020-12-03 15:47,18.4,19.9,44
2020-12-03 15:47,18.3,19.9,45
2020-12-03 15:47,18.3,19.9,44
2020-12-03 15:47,18.4,20,43
2020-12-03 15:47,18.3,19.9,43
2020-12-03 15:47,18.3,19.8,43
2020-12-03 15:47,18.4,19.9,43
2020-12-03 15:47,18.4,19.8,43
2020-12-03 15:47,18.4,19.9,43
2020-12-03 15:47,18.4,19.9,43
2020-12-03 15:47,18.4,19.9,42
2020-12-03 15:47,18.3,19.8,42
2020-12-03 15:47,18.4,19.9,41
2020-12-03 15:47,18.4,19.9,42
2020-12-03 15:47,18.4,19.9,42
2020-12-03 15:47,18.4,19.9,43
2020-12-03 15:47,18.4,19.9,43
2020-12-03 15:47,18.4,19.9,42
2020-12-03 15:46,18.4,20,43
2020-12-03 15:46,18.4,20,43
2020-12-03 15:46,18.4,20,42
2020-12-03 15:46,18.4,20,43
2020-12-03 15:46,18.4,20,39
2020-12-03 15:46,18.4,20,39
2020-12-03 15:46,18.4,20,39
2020-12-03 15:46,18.4,19.9,40
2020-12-03 15:46,18.4,19.9,40
2020-12-03 15:46,18.4,19.9,40
2020-12-03 15:46,18.4,19.9,40
2020-12-03 15:46,18.4,19.9,39
2020-12-03 15:46,18.4,19.9,43
2020-12-03 15:46,18.4,19.9,43
2020-12-03 15:46,18.5,20,43
2020-12-03 15:46,18.5,20,43
2020-12-03 15:46,18.5,20,43
2020-12-03 15:46,18.5,20,43
2020-12-03 15:46,18.5,20,43
2020-12-03 15:46,18.6,20.1,43
2020-12-03 15:46,18.5,20.1,43
2020-12-03 15:46,18.5,20.1,44
2020-12-03 15:46,18.5,20.2,44
2020-12-03 15:46,18.5,20.2,43
2020-12-03 15:46,18.5,20.3,44
2020-12-03 15:46,18.5,20.2,44
2020-12-03 15:45,18.5,20.1,44
2020-12-03 15:45,18.5,20.1,43
2020-12-03 15:45,18.5,20.2,43
2020-12-03 15:45,18.5,20.3,43
2020-12-03 15:45,18.5,20.3,42
2020-12-03 15:45,18.5,20.3,42
2020-12-03 15:45,18.5,20.4,42
2020-12-03 15:45,18.5,20.4,41
2020-12-03 15:45,18.5,20.4,42
2020-12-03 15:45,18.5,20.4,42
2020-12-03 15:45,18.4,20.4,42
2020-12-03 15:45,18.4,20.4,42
2020-12-03 15:45,18.4,20.5,42
2020-12-03 15:45,18.4,20.5,42
2020-12-03 15:45,18.4,20.5,42
2020-12-03 15:45,18.4,20.5,42
2020-12-03 15:45,18.4,20.5,43
2020-12-03 15:45,18.4,20.5,43
2020-12-03 15:45,18.4,20.4,43
2020-12-03 15:45,18.4,20.4,42
2020-12-03 15:45,18.4,20.4,42
2020-12-03 15:45,18.4,20.5,42
2020-12-03 15:45,18.4,20.4,42
2020-12-03 15:45,18.4,20.4,42
2020-12-03 15:45,18.4,20.4,42
2020-12-03 15:45,18.4,20.3,43
2020-12-03 15:44,18.4,20.3,41
2020-12-03 15:44,18.4,20.3,41
2020-12-03 15:44,18.4,20.3,42
2020-12-03 15:44,18.4,20.3,41
2020-12-03 15:44,18.4,20.3,41
2020-12-03 15:44,18.4,20.3,41
2020-12-03 15:44,18.4,20.3,41
2020-12-03 15:44,18.4,20.3,41
2020-12-03 15:44,18.4,20.3,42
2020-12-03 15:44,18.4,20.3,42
2020-12-03 15:44,18.4,20.3,43
2020-12-03 15:44,18.4,20.3,42
2020-12-03 15:44,18.4,20.3,42
2020-12-03 15:44,18.4,20.3,41
2020-12-03 15:44,18.3,20.2,41
2020-12-03 15:44,18.3,20.3,41
2020-12-03 15:44,18.4,20.3,41
2020-12-03 15:44,18.4,20.3,41
2020-12-03 15:44,18.4,20.3,41
2020-12-03 15:44,18.4,20.3,41
2020-12-03 15:44,18.4,20.4,41
2020-12-03 15:44,18.4,20.4,41
2020-12-03 15:44,18.4,20.4,41
2020-12-03 15:44,18.3,20.4,41
2020-12-03 15:44,18.3,20.5,41
2020-12-03 15:44,18.4,20.6,41
2020-12-03 15:44,18.4,20.7,41
2020-12-03 15:43,18.4,20.7,41
2020-12-03 15:43,18.4,20.6,40
2020-12-03 15:43,18.3,20.6,40
2020-12-03 15:43,18.3,20.5,41
2020-12-03 15:43,18.4,20.5,41
2020-12-03 15:43,18.4,20.5,42
2020-12-03 15:43,18.4,20.5,42
2020-12-03 15:43,18.4,20.5,42
2020-12-03 15:43,18.4,20.5,42
2020-12-03 15:43,18.4,20.5,43
2020-12-03 15:43,18.4,20.5,43
2020-12-03 15:43,18.4,20.5,43
2020-12-03 15:43,18.4,20.5,41
2020-12-03 15:43,18.3,20.3,41
2020-12-03 15:43,18.4,20.3,41
2020-12-03 15:43,18.4,20.2,41
2020-12-03 15:43,18.4,20.2,41
2020-12-03 15:43,18.4,20.2,41
2020-12-03 15:43,18.4,20.2,41
2020-12-03 15:43,18.4,20.2,41
2020-12-03 15:43,18.4,20.1,41
2020-12-03 15:43,18.4,20.1,42
2020-12-03 15:43,18.4,20,41
2020-12-03 15:43,18.4,20,41
2020-12-03 15:43,18.4,20,41
2020-12-03 15:43,18.4,20,41
2020-12-03 15:42,18.4,20,41
2020-12-03 15:42,18.4,20.1,41
2020-12-03 15:42,18.4,20.1,42
2020-12-03 15:42,18.4,20.2,42
2020-12-03 15:42,18.4,20.2,41
2020-12-03 15:42,18.4,20.2,41
2020-12-03 15:42,18.4,20.2,42
2020-12-03 15:42,18.4,20.1,42
2020-12-03 15:42,18.4,20.1,42
2020-12-03 15:42,18.5,20.2,42
2020-12-03 15:42,18.5,20.2,41
2020-12-03 15:42,18.5,20.2,38
2020-12-03 15:42,18.5,20.3,39
2020-12-03 15:42,18.5,20.2,39
2020-12-03 15:42,18.5,20.2,39
2020-12-03 15:42,18.4,20.2,39
2020-12-03 15:42,18.5,20.2,44
2020-12-03 15:42,18.4,20,44
2020-12-03 15:42,18.5,20,44
2020-12-03 15:42,18.5,20,44
2020-12-03 15:42,18.5,20,43
2020-12-03 15:42,18.5,20,43
2020-12-03 15:42,18.5,20.1,43
2020-12-03 15:42,18.5,20.1,43
2020-12-03 15:42,18.5,20.1,44
2020-12-03 15:42,18.5,20.1,44
2020-12-03 15:42,18.5,20.1,44
2020-12-03 15:41,18.5,20.2,44
2020-12-03 15:41,18.5,20.2,44
2020-12-03 15:41,18.5,20.3,44
2020-12-03 15:41,18.5,20.3,44
2020-12-03 15:41,18.5,20.3,44
2020-12-03 15:41,18.5,20.4,44
2020-12-03 15:41,18.5,20.4,43
2020-12-03 15:41,18.5,20.4,43
2020-12-03 15:41,18.5,20.5,44
2020-12-03 15:41,18.5,20.5,44
2020-12-03 15:41,18.5,20.6,44
2020-12-03 15:41,18.5,20.6,43
2020-12-03 15:41,18.5,20.7,44
2020-12-03 15:41,18.5,20.6,44
2020-12-03 15:41,18.5,20.6,43
2020-12-03 15:41,18.5,20.5,43
2020-12-03 15:41,18.5,20.5,43
2020-12-03 15:41,18.5,20.5,43
2020-12-03 15:41,18.5,20.5,43
2020-12-03 15:41,18.5,20.4,43
2020-12-03 15:41,18.6,20.5,43
2020-12-03 15:41,18.6,20.6,44
2020-12-03 15:41,18.5,20.5,44
2020-12-03 15:41,18.5,20.5,44
2020-12-03 15:41,18.6,20.6,44
2020-12-03 15:41,18.5,20.6,44
2020-12-03 15:40,18.5,20.6,44
2020-12-03 15:40,18.6,20.7,44
2020-12-03 15:40,18.5,20.6,44
2020-12-03 15:40,18.5,20.6,44
2020-12-03 15:40,18.6,20.7,43
2020-12-03 15:40,18.5,20.6,43
2020-12-03 15:40,18.5,20.6,43
2020-12-03 15:40,18.5,20.6,43
2020-12-03 15:40,18.5,20.6,43
2020-12-03 15:40,18.5,20.6,42
2020-12-03 15:40,18.5,20.6,42
2020-12-03 15:40,18.5,20.6,43
2020-12-03 15:40,18.5,20.6,43
2020-12-03 15:40,18.5,20.5,43
2020-12-03 15:40,18.5,20.6,43
2020-12-03 15:40,18.5,20.5,41
2020-12-03 15:40,18.5,20.5,43
2020-12-03 15:40,18.5,20.6,43
2020-12-03 15:40,18.5,20.6,43
2020-12-03 15:40,18.4,20.5,42
2020-12-03 15:40,18.4,20.6,41
2020-12-03 15:40,18.4,20.6,42
2020-12-03 15:40,18.4,20.7,41
2020-12-03 15:40,18.3,20.7,43
2020-12-03 15:40,18.3,20.7,42
2020-12-03 15:40,18.3,20.7,42
2020-12-03 15:39,18.2,20.6,41
2020-12-03 15:39,18.2,20.6,43
2020-12-03 15:39,18.2,20.6,43
2020-12-03 15:39,18.1,20.6,43
2020-12-03 15:39,18.2,20.6,43
2020-12-03 15:39,18.1,20.6,42
2020-12-03 15:39,18.2,20.6,42
2020-12-03 15:39,18.2,20.5,42
2020-12-03 15:39,18.2,20.5,43
2020-12-03 15:39,18.2,20.3,43
2020-12-03 15:39,18.2,20.2,42
2020-12-03 15:39,18.2,20.2,41
2020-12-03 15:39,18.1,20.1,42
2020-12-03 15:39,18.1,20.1,41
2020-12-03 15:39,18.2,20.2,41
2020-12-03 15:39,18.2,20.2,41
2020-12-03 15:39,18.1,20.2,41
2020-12-03 15:39,18.2,20.3,41
2020-12-03 15:39,18.2,20.3,41
2020-12-03 15:39,18.2,20.3,41
2020-12-03 15:39,18.2,20.3,41
2020-12-03 15:39,18.2,20.2,41
2020-12-03 15:39,18.2,20.3,42
2020-12-03 15:39,18.2,20.3,42
2020-12-03 15:39,18.2,20.3,43
2020-12-03 15:39,18.2,20.3,42
2020-12-03 15:39,18.2,20.3,42
2020-12-03 15:38,18.2,20.4,43
2020-12-03 15:38,18.2,20.3,42
2020-12-03 15:38,18.2,20.3,41
2020-12-03 15:38,18.2,20.3,42
2020-12-03 15:38,18.2,20.3,41
2020-12-03 15:38,18.2,20.3,42
2020-12-03 15:38,18.2,20.3,42
2020-12-03 15:38,18.2,20.3,42
2020-12-03 15:38,18.2,20.3,43
2020-12-03 15:38,18.2,20.2,44
2020-12-03 15:38,18.2,20.2,44
2020-12-03 15:38,18.2,20.2,44
2020-12-03 15:38,18.2,20.1,44
2020-12-03 15:38,18.2,20.1,43
2020-12-03 15:38,18.2,20.1,44
2020-12-03 15:38,18.2,20,44
2020-12-03 15:38,18.2,20.1,44
2020-12-03 15:38,18.2,20.1,44
2020-12-03 15:38,18.2,20.1,44
2020-12-03 15:38,18.2,20.1,44
2020-12-03 15:38,18.2,20.1,44
2020-12-03 15:38,18.2,20.1,44
2020-12-03 15:38,18.2,20.1,44
2020-12-03 15:38,18.2,20,44
2020-12-03 15:38,18.2,20,44
2020-12-03 15:38,18.2,20,43
2020-12-03 15:37,18.2,20,44
2020-12-03 15:37,18.2,20,43
2020-12-03 15:37,18.3,20.1,43
2020-12-03 15:37,18.2,20,43
2020-12-03 15:37,18.3,20.1,44
2020-12-03 15:37,18.2,20,43
2020-12-03 15:37,18.3,20.1,43
2020-12-03 15:37,18.2,20,43
2020-12-03 15:37,18.3,20,43
2020-12-03 15:37,18.3,20.1,44
2020-12-03 15:37,18.2,20,44
2020-12-03 15:37,18.2,20,44
2020-12-03 15:37,18.2,20,44
2020-12-03 15:37,18.2,20,44
2020-12-03 15:37,18.2,20.1,44
2020-12-03 15:37,18.2,20.1,44
2020-12-03 15:37,18.2,20.1,44
2020-12-03 15:37,18.2,20.2,44
2020-12-03 15:37,18.2,20.2,44
2020-12-03 15:37,18.2,20.1,44
2020-12-03 15:37,18.2,20.1,44
2020-12-03 15:37,18.2,20.1,44
2020-12-03 15:37,18.3,20.1,44
2020-12-03 15:37,18.2,20,44
2020-12-03 15:37,18.2,20,44
2020-12-03 15:37,18.2,20,44
2020-12-03 15:36,18.3,20.1,44
2020-12-03 15:36,18.3,20.1,44
2020-12-03 15:36,18.3,20.1,44
2020-12-03 15:36,18.2,20.1,44
2020-12-03 15:36,18.3,20.2,44
2020-12-03 15:36,18.3,20.2,43
2020-12-03 15:36,18.2,20.1,43
2020-12-03 15:34,18.2,20.2,44
2020-12-03 15:34,18.2,20.2,44
2020-12-03 15:34,18.2,20.2,44
2020-12-03 15:34,18.2,20.2,44
2020-12-03 15:34,18.2,20.2,44
2020-12-03 15:34,18.2,20.2,44
2020-12-03 15:34,18.2,20.2,44
2020-12-03 15:34,18.2,20.2,44
2020-12-03 15:34,18.2,20.2,44
2020-12-03 15:34,18.2,20.2,44
2020-12-03 15:34,18.2,20.2,43
2020-12-03 15:34,18.2,20.1,42
2020-12-03 15:34,18.2,20.1,43
2020-12-03 15:34,18.2,20,43
2020-12-03 15:34,18.2,20,43
2020-12-03 15:34,18.2,20,44
2020-12-03 15:34,18.2,20,45
2020-12-03 15:34,18.2,19.9,44
2020-12-03 15:34,18.2,19.9,44
2020-12-03 15:34,18.2,19.8,45
2020-12-03 15:34,18.2,19.8,44
2020-12-03 15:34,18.2,19.8,43
2020-12-03 15:34,18.2,19.8,43
2020-12-03 15:34,18.3,19.9,43
2020-12-03 15:34,18.2,19.9,43
2020-12-03 15:33,18.2,20,43
2020-12-03 15:33,18.3,20,43
2020-12-03 15:33,18.3,20,43
2020-12-03 15:33,18.2,20,43
2020-12-03 15:33,18.2,20,43
2020-12-03 15:33,18.2,20.1,43
